<annotation>
	<folder>train</folder>
	<filename>20231019_202830.jpg</filename>
	<path>C:\Users\pauls.PAUL_PC\Desktop\yolov7-main\Controller\images\train\20231019_202830.jpg</path>
	<source>
		<database>Unknown</database>
	</source>
	<size>
		<width>1280</width>
		<height>1280</height>
		<depth>3</depth>
	</size>
	<segmented>0</segmented>
	<object>
		<name>controller</name>
		<pose>Unspecified</pose>
		<truncated>0</truncated>
		<difficult>0</difficult>
		<bndbox>
			<xmin>115</xmin>
			<ymin>52</ymin>
			<xmax>1200</xmax>
			<ymax>1078</ymax>
		</bndbox>
	</object>
</annotation>
